<?xml version="1.0" encoding="UTF-8"?>
<faces-config xmlns="http://java.sun.com/xml/ns/javaee" 
              xmlns:xsi="http://www.w3.org/2001/XMLSchema-instance" 
              xsi:schemaLocation="http://java.sun.com/xml/ns/javaee /WEB-INF/schema/web-facesconfig_2_0.xsd" 
              version="2.0" metadata-complete="false">
    <!-- This file must be present with our jar, even if it is empty.  Otherwise, our Java annotations won't get scanned! -->
<managed-bean>
	<managed-bean-name>usersDao</managed-bean-name>
    <managed-bean-class>com.java.jsf.dao.UsersDaoImpl</managed-bean-class>
    <managed-bean-scope>request</managed-bean-scope>
</managed-bean>
<managed-bean>
	<managed-bean-name>users</managed-bean-name>
    <managed-bean-class>com.java.jsf.model.Users</managed-bean-class>
    <managed-bean-scope>request</managed-bean-scope>
</managed-bean>
<managed-bean>
	<managed-bean-name>ejbUsers</managed-bean-name>
    <managed-bean-class>com.java.ejb.model.Users</managed-bean-class>
    <managed-bean-scope>request</managed-bean-scope>
</managed-bean>
<managed-bean>
	<managed-bean-name>login</managed-bean-name>
    <managed-bean-class>com.java.jsf.model.Login</managed-bean-class>
    <managed-bean-scope>request</managed-bean-scope>
</managed-bean>
<managed-bean>
	<managed-bean-name>ejbUsersImpl</managed-bean-name>
    <managed-bean-class>com.java.ejb.beans.UsersEjbImpl</managed-bean-class>
    <managed-bean-scope>request</managed-bean-scope>
</managed-bean>
<managed-bean>
<managed-bean-name>usersController</managed-bean-name>
    <managed-bean-class>com.java.jsf.controller.UsersController</managed-bean-class>
    <managed-bean-scope>request</managed-bean-scope>
    <managed-property>
            <property-name>usersDao</property-name>
            <property-class>com.java.jsf.dao.UsersDaoImpl</property-class>
            <value>#{usersDao}</value>
    </managed-property>
    <managed-property>
            <property-name>users</property-name>
            <property-class>com.java.jsf.model.Users</property-class>
            <value>#{users}</value>
    </managed-property>
    <managed-property>
            <property-name>ejbUsers</property-name>
            <property-class>com.java.ejb.model.Users</property-class>
            <value>#{ejbUsers}</value>
    </managed-property>
      <managed-property>
            <property-name>ejbUsersImpl</property-name>
            <property-class>com.java.ejb.beans.UsersEjbImpl</property-class>
            <value>#{ejbUsersImpl}</value>
    </managed-property> 
</managed-bean>



<managed-bean>
	<managed-bean-name>groupsDao</managed-bean-name>
    <managed-bean-class>com.java.jsf.dao.GroupsDaoImpl</managed-bean-class>
    <managed-bean-scope>request</managed-bean-scope>
</managed-bean>
<managed-bean>
	<managed-bean-name>groups</managed-bean-name>
    <managed-bean-class>com.java.jsf.model.Groups</managed-bean-class>
    <managed-bean-scope>request</managed-bean-scope>
</managed-bean>
<managed-bean>
	<managed-bean-name>ejbGroups</managed-bean-name>
    <managed-bean-class>com.java.ejb.model.Groups</managed-bean-class>
    <managed-bean-scope>request</managed-bean-scope>
</managed-bean>
<managed-bean>
	<managed-bean-name>login</managed-bean-name>
    <managed-bean-class>com.java.jsf.model.Login</managed-bean-class>
    <managed-bean-scope>request</managed-bean-scope>
</managed-bean>
<managed-bean>
	<managed-bean-name>ejbGroupsImpl</managed-bean-name>
    <managed-bean-class>com.java.ejb.beans.GroupsEjbImpl</managed-bean-class>
    <managed-bean-scope>request</managed-bean-scope>
</managed-bean>
<managed-bean>
<managed-bean-name>groupsController</managed-bean-name>
    <managed-bean-class>com.java.jsf.controller.GroupsController</managed-bean-class>
    <managed-bean-scope>request</managed-bean-scope>
    <managed-property>
            <property-name>groupsDao</property-name>
            <property-class>com.java.jsf.dao.GroupsDaoImpl</property-class>
            <value>#{groupsDao}</value>
    </managed-property>
    <managed-property>
            <property-name>groups</property-name>
            <property-class>com.java.jsf.model.Groups</property-class>
            <value>#{groups}</value>
    </managed-property>
    <managed-property>
            <property-name>ejbGroups</property-name>
            <property-class>com.java.ejb.model.Groups</property-class>
            <value>#{ejbGroups}</value>
    </managed-property>
      <managed-property>
            <property-name>ejbGroupsImpl</property-name>
            <property-class>com.java.ejb.beans.GroupsEjbImpl</property-class>
            <value>#{ejbGroupsImpl}</value>
    </managed-property> 
</managed-bean>






<managed-bean>
	<managed-bean-name>membersDao</managed-bean-name>
    <managed-bean-class>com.java.jsf.dao.MembersDaoImpl</managed-bean-class>
    <managed-bean-scope>request</managed-bean-scope>
</managed-bean>
<managed-bean>
	<managed-bean-name>members</managed-bean-name>
    <managed-bean-class>com.java.jsf.model.GroupMembers</managed-bean-class>
    <managed-bean-scope>request</managed-bean-scope>
</managed-bean>
<managed-bean>
	<managed-bean-name>ejbMembers</managed-bean-name>
    <managed-bean-class>com.java.ejb.model.GroupMembers</managed-bean-class>
    <managed-bean-scope>request</managed-bean-scope>
</managed-bean>
<managed-bean>
	<managed-bean-name>login</managed-bean-name>
    <managed-bean-class>com.java.jsf.model.Login</managed-bean-class>
    <managed-bean-scope>request</managed-bean-scope>
</managed-bean>
<managed-bean>
	<managed-bean-name>ejbMembersImpl</managed-bean-name>
    <managed-bean-class>com.java.ejb.beans.MembersEjbImpl</managed-bean-class>
    <managed-bean-scope>request</managed-bean-scope>
</managed-bean>
<managed-bean>
<managed-bean-name>membersController</managed-bean-name>
    <managed-bean-class>com.java.jsf.controller.MembersController</managed-bean-class>
    <managed-bean-scope>request</managed-bean-scope>
    <managed-property>
            <property-name>membersDao</property-name>
            <property-class>com.java.jsf.dao.MembersDaoImpl</property-class>
            <value>#{membersDao}</value>
    </managed-property>
    <managed-property>
            <property-name>members</property-name>
            <property-class>com.java.jsf.model.GroupMembers</property-class>
            <value>#{members}</value>
    </managed-property>
    <managed-property>
            <property-name>ejbMembers</property-name>
            <property-class>com.java.ejb.model.GroupMembers</property-class>
            <value>#{ejbMembers}</value>
    </managed-property>
      <managed-property>
            <property-name>ejbMembersImpl</property-name>
            <property-class>com.java.ejb.beans.MembersEjbImpl</property-class>
            <value>#{ejbMembersImpl}</value>
    </managed-property> 
</managed-bean>
</faces-config>
