<?xml version="1.0" encoding="UTF-8"?>
<!DOCTYPE hibernate-configuration PUBLIC
		"-//Hibernate/Hibernate Configuration DTD 3.0//EN"
		"http://www.hibernate.org/dtd/hibernate-configuration-3.0.dtd">
<hibernate-configuration>
    <session-factory>
        <property name="hibernate.connection.driver_class">com.mysql.jdbc.Driver</property>
        <property name="hibernate.connection.password">Satya@infinite24</property>
        <property name="hibernate.connection.url">jdbc:mysql://localhost:3306/tourtravel</property>
        <property name="hibernate.connection.username">root</property>
        <property name="hibernate.dialect">org.hibernate.dialect.MySQLDialect</property>
        
        <!-- Mapping files -->
        <mapping resource="com/java/jsf/mapping/Users.hbm.xml"/>
        <mapping resource="com/java/jsf/mapping/Groups.hbm.xml"/>
        <mapping resource="com/java/jsf/mapping/GroupMembers.hbm.xml"/>
        <mapping resource="com/java/jsf/mapping/Expenses.hbm.xml"/>
        <mapping resource="com/java/jsf/mapping/Splits.hbm.xml"/>
    </session-factory>
</hibernate-configuration>
