<?xml version="1.0" encoding="UTF-8"?>
<!DOCTYPE hibernate-mapping PUBLIC 
  "-//Hibernate/Hibernate Mapping DTD 3.0//EN"
  "http://hibernate.sourceforge.net/hibernate-mapping-3.0.dtd">

<hibernate-mapping package="com.java.jsf.model">
    <class name="Expenses" table="expenses">
        <id name="id" column="id">
            <generator class="identity"/>
        </id>

        <many-to-one name="groups" column="group_id" class="com.java.jsf.model.Groups" not-null="true"/>
        <many-to-one name="paidBy" column="paid_by_user_id" class="com.java.jsf.model.Users" not-null="true"/>

        <property name="description" column="description"/>
        <property name="total_amount" column="total_amount"/>
        <property name="expense_date" column="expense_date"/>
        <property name="created_at" column="created_at"/>

        <set name="splits" cascade="all" inverse="true">
            <key column="expense_id"/>
            <one-to-many class="com.java.jsf.model.Splits"/>
        </set>
    </class>
</hibernate-mapping>
