<?xml version="1.0" encoding="UTF-8"?>
<!DOCTYPE hibernate-mapping PUBLIC 
  "-//Hibernate/Hibernate Mapping DTD 3.0//EN"
  "http://hibernate.sourceforge.net/hibernate-mapping-3.0.dtd">

<hibernate-mapping package="com.java.jsf.model">
    <class name="GroupMembers" table="group_members">
        <id name="id" column="id">
            <generator class="identity"/>
        </id>

        <many-to-one name="groups" column="group_id" class="com.java.jsf.model.Groups" not-null="true"/>
        <many-to-one name="users" column="user_id" class="com.java.jsf.model.Users" not-null="true"/>
        <property name="joined_at" column="joined_at"/>
       	<property name="advance" column="advance"/>
        
    </class>
    
    <query name="showMembers">
        from GroupMembers
    </query>
</hibernate-mapping>

