<?xml version="1.0" encoding="UTF-8"?>
<!DOCTYPE hibernate-mapping PUBLIC 
  "-//Hibernate/Hibernate Mapping DTD 3.0//EN"
  "http://hibernate.sourceforge.net/hibernate-mapping-3.0.dtd">

<hibernate-mapping package="com.java.jsf.model">
    <class name="Splits" table="expense_splits">
        <id name="id" column="id">
            <generator class="identity"/>
        </id>

        <many-to-one name="expense" column="expense_id" class="com.java.jsf.model.Expenses" not-null="true"/>
        <many-to-one name="user" column="user_id" class="com.java.jsf.model.Users" not-null="true"/>

        <property name="amount_owed" column="amount_owed"/>
    </class>
</hibernate-mapping>
